{
  "model_type": "RandomForestClassifier",
  "dataset": {
    "total": 11055,
    "phishing": 4898,
    "legitimate": 6157
  },
  "n_features": 30,
  "rf_test_metrics": {
    "accuracy": 97.51,
    "precision": 97.93,
    "recall": 96.43,
    "f1_score": 97.17,
    "roc_auc": 99.64
  },
  "cv_metrics": {
    "acc_mean": 96.98,
    "acc_std": 0.29,
    "f1_mean": 96.56,
    "roc_mean": 99.56
  },
  "confusion_matrix": [
    [
      1211,
      20
    ],
    [
      35,
      945
    ]
  ],
  "top_features": [
    [
      "SSLfinal_State",
      32.19
    ],
    [
      "URL_of_Anchor",
      25.53
    ],
    [
      "web_traffic",
      7.15
    ],
    [
      "having_Sub_Domain",
      6.53
    ],
    [
      "Links_in_tags",
      4.31
    ],
    [
      "Prefix_Suffix",
      3.69
    ],
    [
      "SFH",
      2.14
    ],
    [
      "Links_pointing_to_page",
      1.87
    ],
    [
      "Request_URL",
      1.82
    ],
    [
      "Domain_registeration_length",
      1.67
    ],
    [
      "age_of_domain",
      1.53
    ],
    [
      "having_IP_Address",
      1.25
    ]
  ],
  "roc_curve": {
    "fpr": [
      0.0,
      0.0,
      0.0,
      0.0008123476848090983,
      0.0008123476848090983,
      0.0008123476848090983,
      0.0008123476848090983,
      0.002437043054427295,
      0.004061738424045491,
      0.006498781478472786,
      0.012997562956945572,
      0.017871649065800164,
      0.026807473598700244,
      0.03411860276198213,
      0.04305442729488221,
      0.05117790414297319,
      0.06173842404549147,
      0.07311129163281885,
      0.0901705930138099,
      0.11210398050365557,
      0.13403736799350122,
      0.16896831844029245,
      0.22339561332250202,
      0.29975629569455725,
      1.0
    ],
    "tpr": [
      0.0,
      0.7204081632653061,
      0.7795918367346939,
      0.8163265306122449,
      0.8520408163265306,
      0.8806122448979592,
      0.9010204081632653,
      0.9132653061224489,
      0.9346938775510204,
      0.9489795918367347,
      0.9581632653061225,
      0.9673469387755103,
      0.9724489795918367,
      0.976530612244898,
      0.9806122448979592,
      0.9846938775510204,
      0.9877551020408163,
      0.9897959183673469,
      0.9918367346938776,
      0.9928571428571429,
      0.9959183673469387,
      0.9959183673469387,
      0.996938775510204,
      0.9979591836734694,
      1.0
    ]
  },
  "model_comparison": {
    "Random Forest": {
      "accuracy": 97.51,
      "precision": 97.93,
      "recall": 96.43,
      "f1": 97.17,
      "auc": 99.64
    },
    "Gradient Boosting": {
      "accuracy": 95.02,
      "precision": 94.94,
      "recall": 93.78,
      "f1": 94.35,
      "auc": 99.13
    },
    "Decision Tree": {
      "accuracy": 96.97,
      "precision": 97.6,
      "recall": 95.51,
      "f1": 96.54,
      "auc": 97.64
    },
    "Logistic Regression": {
      "accuracy": 92.81,
      "precision": 93.44,
      "recall": 90.1,
      "f1": 91.74,
      "auc": 97.85
    }
  },
  "cv_fold_accs": [
    0.9683,
    0.9747,
    0.9715,
    0.967,
    0.9674
  ],
  "best_model": "Random Forest"
}